1,390267816,2349.00
2,1167483505,33.00
3,853887943,34.00
4,325869713,1798.00
5,898986895,902.00
6,1328457397,1616.00
7,1355302483,721.00
8,1266058160,3682.00
9,515334031,366.00
10,230436012,1082.00
11,371462259,1946.00
12,298627315,2740.00
13,449047486,5743.00
14,630746058,11330.00
15,1143867078,4359.00
16,461854939,87.00
17,707394641,653.00
18,204178374,328.00
19,454467056,648.00
20,1740729596,1406.00
21,555636619,1183.00
22,783648271,2189.00
23,582951657,7693.00
24,216346618,659.00
25,1656121652,1304.00
26,714914388,4165.00
27,1370674644,2044.00
28,341134422,1336.00
29,580051343,6002.00
30,1451680514,3076.00
31,234535971,6708.00
32,737556332,6017.00
33,1042896589,5035.00
34,326405936,10767.00
35,336030070,634.00
36,605111473,295.00
37,752758136,233.00
38,554093139,196.00
39,1329297942,154.00
40,2186863586,1.00
41,437909507,2197.00
42,624400312,12045.00
43,625057951,2709.00
44,932323004,501.00
45,1049085871,204.00
46,176118505,1991.00
47,1038223777,838.00
48,1730894666,250.00
49,902425682,1150.00
50,1609304016,631.00
51,564366503,13193.00
52,1034958931,3762.00
53,244258862,1215.00
54,1596576523,4439.00
55,1656286488,396.00
56,285537171,3950.00
57,1320599208,833.00
58,939296172,391.00
59,1353564428,679.00
60,378102920,4015.00
61,94794703,11244.00
62,302991275,2222.00
63,1072102939,241.00
64,167784612,749.00
65,1216383194,9403.00
66,79050681,2018.00
67,1643448530,783.00
68,117913759,7767.00
69,1013543370,7200.00
70,1629336978,1501.00
71,1690029932,3250.00
72,228819746,1610.00
73,558162599,8521.00
74,558218296,1370.00
75,1695797346,137.00
76,569421370,7620.00
77,284286433,1819.00
78,283417390,1726.00
79,179381721,2688.00
80,483508490,2575.00
81,1965928548,341.00
82,1146344322,994.00
83,1707733166,88.00
84,290891193,1075.00
85,316344985,323.00
86,873486506,2515.00
87,239241943,1341.00
88,382997071,5937.00
89,770457728,1864.00
90,186963547,19042.00
91,1390615836,677.00
92,1107351672,623.00
93,1597049060,2251.00
94,1536310122,378.00
95,206735445,1700.00
96,1159276135,825.00
97,124320103,1367.00
98,471751282,353.00
99,1537048436,3974.00
100,318313602,5457.00
101,728966600,1529.00
102,287803828,7537.00
103,971008987,456.00
104,384812563,6228.00
105,357635930,297.00
106,385262846,1054.00
107,1112976373,5592.00
108,1395791623,1178.00
109,1074991381,1476.00
110,311473241,5334.00
111,1735331425,1188.00
112,327089971,16478.00
113,1056332406,692.00
114,1340355440,1601.00
115,559072084,2613.00
116,301386554,4360.00
117,540112867,10525.00
118,251302756,5976.00
119,1936307952,127.00
120,411679941,10467.00
121,1078618231,1084.00
122,970302428,35038.00
123,619993303,1661.00
124,165631312,1592.00
125,1468848440,1591.00
126,721171747,348.00
127,609521711,21402.00
128,100131802,11997.00
129,1054199970,360.00
130,2192998982,561.00
131,871036124,315.00
132,170476158,8019.00
133,1004782010,2847.00
134,953320638,1013.00
135,1389981276,1611.00
136,1658229734,1828.00
137,431777117,6362.00
138,336278637,7334.00
139,141171065,11.00
140,535698630,1100.00
141,750780462,2807.00
142,1638643662,1769.00
143,1036323709,152.00
144,1674799699,26.00
145,634976070,28744.00
146,106689852,14948.00
147,567471514,212.00
148,891268964,5617.00
149,791486179,329.00
150,1106275538,943.00
151,1938439345,62.00
152,545570051,749.00
153,2187584047,579.00
154,212660023,1043.00
155,27260086,47171703.00
156,809449537,79.00
157,1731715369,856.00
158,233347803,54.00
159,341911569,21805.00
160,152374883,1559.00
161,1445062826,2572.00
162,551928469,4079.00
163,794643019,2287.00
164,1537567488,314.00
165,1815240301,340.00
166,924118879,1070.00
167,1623549924,6662.00
168,282626959,357.00
169,622673170,3931.00
170,383359040,1242.00
171,527776460,3524.00
172,1390118984,5952.00
173,757577101,566.00
174,293014673,1575.00
175,390880822,2951.00
176,1332496747,1373.00
177,39913630,2986.00
178,268590703,3206.00
179,1159366760,11572.00
180,400779773,9161.00
181,1442338466,492.00
182,1165107847,2805.00
183,1398307423,1344.00
184,1119706723,3713.00
185,249293669,1482.00
186,1018532472,227.00
187,314264021,1141.00
188,1189998596,2231.00
189,1726036296,3140.00
190,2199850273,14.00
191,247088577,2259.00
192,921812846,11562.00
193,743080386,8197.00
194,84919663,632.00
195,1674324534,4496.00
196,950623850,1511.00
197,1597402621,890.00
198,1940700835,11.00
199,253826857,5210.00
200,599747318,11904.00
201,732040938,1303.00
202,1566611923,116.00
203,1729703180,4961.00
204,319155388,8474.00
205,744029114,911.00
206,346861067,2796.00
207,536819752,1307.00
208,761192863,2541.00
209,818109781,1167.00
210,571414754,201.00
211,593715941,1803.00
212,760063346,645.00
213,1116717984,107.00
214,1455838009,111.00
215,1018298910,1377.00
216,1424113158,2183.00
217,339165523,1077.00
218,310395776,5383.00
219,1719452984,992.00
220,1120950630,3266.00
221,1270825784,1827.00
222,1229425249,7440.00
223,618482054,5062.00
224,936368797,5438.00
225,348818496,164.00
226,422479996,333.00
227,559835299,2139.00
228,229478749,10904.00
229,936275275,2712.00
230,1180063777,2113.00
231,55506280,4426.00
232,327126770,545.00
233,1429068445,63.00
234,376439975,2591.00
235,66010430,776.00
236,572804426,957.00
237,751262558,8814.00
238,2218046570,1517.00
239,2188666683,239.00
240,416249790,3937.00
241,147790408,1844.00
242,131550430,1410.00
243,284117860,341.00
244,541904509,2651.00
245,2168240220,6.00
246,1437705564,2383.00
247,250240771,51.00
248,782635165,1255.00
249,322894777,7120.00
250,79889723,4695.00
251,587377534,6354.00
252,255733227,1439.00
253,1337446536,1703.00
254,2227309549,95.00
255,419240304,4337.00
256,1044347479,1957.00
257,236825366,1005.00
258,418001430,1115.00
259,256978693,2044.00
260,62470443,2572.00
261,511016804,14763.00
262,2227361425,15.00
263,712518012,28174.00
264,328609812,557.00
265,1678713156,2387.00
266,200594371,171.00
267,453651592,5694.00
268,1899277555,910.00
269,1586034824,794.00
270,1648637210,27.00
271,258934287,2906.00
272,1308800521,2293.00
273,2173433419,330.00
274,465386350,4233.00
275,518911301,7296.00
276,452386369,33685.00
277,1013763446,1236.00
278,1268344183,1788.00
279,1663040792,10516.00
280,441071329,771.00
281,281825167,5846.00
282,294253942,452.00
283,797102174,970.00
284,433501744,5350.00
285,283149411,1825.00
286,231296348,718.00
287,2156210317,191.00
288,1597082629,498.00
289,1105111512,78.00
290,1539575018,356.00
291,528077190,470.00
292,313412897,397.00
293,1546396718,11648.00
294,318921325,675.00
295,483776727,873.00
296,892799396,555.00
297,1145760684,6105.00
298,97234428,2982.00
299,326833529,733.00
300,939490273,2109.00
301,839943336,507.00
302,237412759,3545.00
303,1942011769,1338.00
304,1644291205,3734.00
305,1914860257,616.00
306,969054410,2033.00
307,1584868082,1387.00
308,586130908,4937.00
309,1596585906,571.00
310,711902570,3504.00
311,757793118,2079.00
312,499907594,196.00
313,712231339,2360.00
314,1370424691,2977.00
315,749432816,3905.00
316,737736864,3293.00
317,288706361,2198.00
318,459100204,1241.00
319,633942557,2802.00
320,1926746414,800.00
321,528874067,4206.00
322,554499917,23350.00
323,737512334,230.00
324,35471715,12698.00
325,1411282502,5637.00
326,249542144,7026.00
327,1322762486,450.00
328,629948695,8130.00
329,237423678,429.00
330,420516066,777.00
331,265293462,2445.00
332,335658941,1338.00
333,147255960,615.00
334,342297272,13392.00
335,1087844660,2732.00
336,267007124,2381.00
337,242829313,4197.00
338,1629645643,601.00
339,558811048,1393.00
340,213016034,3170.00
341,2159949224,433.00
342,1250765882,1326.00
343,1355175914,1976.00
344,231720223,2925.00
345,1902289454,103.00
346,103358016,6130.00
347,350414164,1826.00
348,265061323,1007.00
349,1616961284,68.00
350,1167383466,3434.00
351,1413588504,525.00
352,802755468,493.00
353,1596522870,867.00
354,972796866,407.00
355,1290088208,181.00
356,2186978547,74.00
357,1895861509,309.00
358,294718694,1999.00
359,474456151,1111.00
360,344281306,5245.00
361,1566676514,2018.00
362,1059034812,1584.00
363,269766551,258.00
364,1057071013,1202.00
365,1372969333,1370.00
366,107202704,4830.00
367,177903686,2525.00
368,379535675,1085.00
369,625693167,5086.00
370,1343035044,8934.00
371,1199384000,3117.00
372,1393170440,161.00
373,221180990,357.00
374,432673838,2852.00
375,253176685,303.00
376,1410914256,4361.00
377,1110337332,9134.00
378,127886275,3605.00
379,1869335935,788.00
380,613719063,3653.00
381,464462280,1159.00
382,569079656,3746.00
383,176504165,2748.00
384,1243182444,6333.00
385,1918548751,129.00
386,1606401079,1043.00
387,398721999,2008.00
388,1970313259,58.00
389,233757681,14670.00
390,599593982,2901.00
391,611493910,5151.00
392,310736687,1357.00
393,844546910,1203.00
394,921679862,1802.00
395,752208966,98.00
396,909014227,445.00
397,845453198,2926.00
398,452527897,6448.00
399,467722381,382.00
400,57533628,3907.00
401,580319959,6334.00
402,560620581,1506.00
403,70929547,4010.00
404,422920326,1209.00
405,477655565,4168.00
406,295078362,1313.00
407,1568978677,396.00
408,1311923629,4458.00
409,351759263,6378.00
410,1648035691,99.00
411,376456115,1011.00
412,284442052,399.00
413,1360246933,6419.00
414,149565545,2473.00
415,1213154965,1078.00
416,160537398,2510.00
417,90783039,938.00
418,2194613686,2408.00
419,1296816188,446.00
420,1118465383,897.00
421,584314446,51.00
422,422932684,3052.00
423,803806585,788.00
424,242913170,307.00
425,303852627,17833.00
426,1563424555,24.00
427,309141770,2767.00
428,57775972,1519.00
429,510177673,5553.00
430,284385736,2569.00
431,1870202448,218.00
432,867213030,1198.00
433,339153652,16946.00
434,306635657,933.00
435,1317229862,2794.00
436,760144261,13995.00
437,319424696,2686.00
438,261510558,982.00
439,606886741,1163.00
440,1557410808,932.00
441,1014431023,4339.00
442,1045945453,1678.00
443,2189087905,353.00
444,1678738975,649.00
445,612097453,917.00
446,636617681,5735.00
447,357910365,4177.00
448,2201580656,61.00
449,124238269,926.00
450,1374747678,82.00
451,319631267,8272.00
452,905139925,1069.00
453,847876226,1553.00
454,533642368,572.00
455,1289211488,428.00
456,635852800,1203.00
457,493387096,73.00
458,432855009,8564.00
459,1016863554,154.00
460,1953771630,2759.00
461,2156872332,462.00
462,282232356,9916.00
463,272883727,5682.00
464,272219232,13412.00
465,415096035,10355.00
466,1892940000,470.00
467,316529240,1836.00
468,450291046,3373.00
469,366658694,2745.00
470,912933608,1387.00
471,1587918469,2379.00
472,470061231,390.00
473,235637762,3102.00
474,363104557,6318.00
475,177424360,2979.00
476,381552040,7555.00
477,179646709,502.00
478,731369491,675.00
479,1705296746,965.00
480,143393266,5381.00
481,289301000,3086.00
482,621951983,1163.00
483,629924195,2325.00
484,1558295454,253.00
485,722059806,953.00
486,460603863,3143.00
487,1403206225,102.00
488,1649026596,793.00
489,922146907,2293.00
490,1512071946,1394.00
491,122952016,1900.00
492,325605136,783.00
493,251328265,13418.00
494,194729795,788.00
495,915321458,384.00
496,1031631102,7402.00
497,559203895,289.00
498,921570805,1666.00
499,1892787614,713.00
500,213932782,3722.00
501,805401354,471.00
502,141011054,259.00
503,731176940,510.00
504,1227530214,1134.00
505,597840029,5427.00
506,288877851,648.00
507,824473682,5493.00
508,387980396,14130.00
509,266269555,490.00
510,436429400,1104.00
511,1604299226,1468.00
512,1109446596,1704.00
513,349251636,4354.00
514,367795166,1653.00
515,2209514738,20.00
516,1098801608,1028.00
517,259339926,3462.00
518,894311287,790.00
519,431222873,2625.00
520,295457812,2193.00
521,168265189,2240.00
522,628649062,5439.00
523,2155901114,13.00
524,221645382,1090.00
525,1428766441,147.00
526,281816610,10467.00
527,1049301990,13737.00
528,771931465,2064.00
529,1413068977,1564.00
530,299363328,5630.00
531,1059408697,686.00
532,269520101,163.00
533,608391410,662.00
534,249763046,19570.00
535,611723060,687.00
536,1671779118,244.00
537,1528664948,4216.00
538,1138007377,2786.00
539,1048981770,610.00
540,898070875,1025.00
541,2189724770,21.00
542,340770247,4343.00
543,1016114839,2178.00
544,334612319,21648.00
545,574075081,5006.00
546,1051962007,1672.00
547,1709665242,4096.00
548,1300209248,2491.00
549,399515227,2782.00
550,1644037562,1570.00
551,598636928,1079.00
552,1462426686,18719.00
553,1618786537,486.00
554,2185752098,41.00
555,1690223124,589.00
556,237268552,2156.00
557,516953117,3556.00
558,1697295726,368.00
559,1096938487,12634.00
560,136016250,898.00
561,1300173836,798.00
562,212090079,947.00
563,125784208,1144.00
564,772692944,447.00
565,1229199686,2805.00
566,1237651680,4509.00
567,295724533,499.00
568,583295732,545.00
569,1281205596,480.00
570,597885009,593.00
571,884698502,72336.00
572,1520972868,4298.00
573,1528810022,82.00
574,1608419887,174.00
575,402198888,803.00
576,606466680,169.00
577,2228916212,12.00
578,180877521,786.00
579,1427250656,252.00
580,516116855,1829.00
581,379513761,499.00
582,112467472,679.00
583,1378342831,828.00
584,1161688346,541.00
585,813665551,1141.00
586,1454695910,246.00
587,421513842,58.00
588,1096035558,897.00
589,299002404,1108.00
590,1660778509,1951.00
591,1131140666,194.00
592,1242675565,128.00
593,344259193,657.00
594,343846073,2542.00
595,1696250904,2642.00
596,231275656,463.00
597,392961354,4344.00
598,2167121535,662.00
599,333866710,4064.00
600,305609474,3939.00
601,1191641258,10118.00
602,1485180296,2774.00
603,825600110,1004.00
604,284820555,4833.00
605,318699917,2823.00
606,518145587,687.00
607,741950358,812.00
608,719240664,2724.00
609,356546645,2374.00
610,1679165539,1117.00
611,1054903238,312.00
612,487037574,2868.00
613,146606925,284.00
614,319321671,999.00
615,1619265067,392.00
616,244591387,3365.00
617,111205600,4146.00
618,1271460896,3834.00
619,1031012036,1391.00
620,318926767,5733.00
621,133658396,7.00
622,762551600,766.00
623,1970528730,1796.00
624,551333583,3809.00
625,2193354906,161.00
626,309261659,4811.00
627,383337690,1416.00
628,260295865,3706.00
629,825578210,1199.00
630,1061373626,434.00
631,158535167,692.00
632,188175158,3815.00
633,1110477624,1000.00
634,334453654,816.00
635,345496665,1457.00
636,503155569,2498.00
637,2192229935,29.00
638,748010732,1136.00
639,1941359941,791.00
640,741342301,1633.00
641,1895935614,495.00
642,1942789807,231.00
643,1589533536,787.00
644,595899236,838.00
645,261267312,12640.00
646,604848120,1207.00
647,231269654,688.00
648,1167540998,6837.00
649,355769036,1086.00
650,727045442,1495.00
651,811407506,2250.00
652,1435898528,612.00
653,728255371,6506.00
654,1035625640,2131.00
655,449416374,1910.00
656,1412719146,1154.00
657,194125194,2182.00
658,810016291,330.00
659,704158422,1135.00
660,284296180,1631.00
661,186873635,1055.00
662,1534739702,1270.00
663,1677322836,433.00
664,549386762,3586.00
665,886819639,2235.00
666,383527161,289.00
667,701679588,60758.00
668,261355941,2873.00
669,770631991,360.00
670,2151717603,491.00
671,1742795588,520.00
672,349329095,2698.00
673,154930068,2529.00
674,774691530,2835.00
675,2176310655,735.00
676,404742126,178.00
677,479101577,331.00
678,181763975,1359.00
679,588535365,7516.00
680,749527442,4724.00
681,344123447,10241.00
682,1080932755,594.00
683,1962692300,7.00
684,184153992,3336.00
685,230511516,1695.00
686,547742302,2122.00
687,296458844,5199.00
688,353838892,174.00
689,333962617,17114.00
690,179660444,624.00
691,373149716,4584.00
692,712818182,5611.00
693,1576689692,449.00
694,1569318157,1065.00
695,1677012163,1221.00
696,180537111,2146.00
697,2184386461,9.00
698,259936875,1530.00
699,483933679,4576.00
700,974848158,3514.00
701,1109331918,700.00
702,552776357,2139.00
703,265011639,2416.00
704,1633210501,129.00
705,2187565267,150.00
706,2206099262,670.00
707,2200696496,27.00
708,133849084,6207.00
709,598203411,1356.00
710,888445915,1566.00
711,633413531,1219.00
712,1523026411,238.00
713,1054943286,17851.00
714,1551763658,1363.00
715,503909137,2184.00
716,881307806,7061.00
717,1375630495,3604.00
718,985531760,120.00
719,806434044,13066.00
720,1292739433,2067.00
721,187301550,564.00
722,950085613,2395.00
723,1084263902,2307.00
724,592822153,4085.00
725,1338111480,605.00
726,1587002624,187.00
727,1077182396,559.00
728,396420657,1677.00
729,288737360,851.00
730,1335581594,3075.00
731,1637626699,7583.00
732,772590103,282.00
733,347473869,4682.00
734,242020298,451.00
735,1349816214,1858.00
736,987784183,1128.00
737,154972864,1994.00
738,554705113,3099.00
739,308652408,609.00
740,952407848,1616.00
741,1289443699,1085.00
742,209849744,3724.00
743,881965555,7274.00
744,1650754790,142.00
745,1187107723,786.00
746,202421561,2372.00
747,598744533,5496.00
748,1864450970,361.00
749,838510772,4001.00
750,324966811,1664.00
751,486846386,148.00
752,233695666,2740.00
753,1260796104,2075.00
754,502238741,5086.00
755,136494576,13272.00
756,2190733141,400.00
757,125517750,3916.00
758,1377699073,966.00
759,1033593756,174.00
760,901501880,273.00
761,326842954,4403.00
762,500423958,325.00
763,1139862901,1501.00
764,1525176943,1392.00
765,1482517057,468.00
766,355552091,1718.00
767,478545503,667.00
768,1317540157,30.00
769,379477396,12866.00
770,1008957266,2031.00
771,470734423,490.00
772,254080428,3602.00
773,2232030583,3.00
774,1053568087,1528.00
775,1849351874,1051.00
776,236276292,2166.00
777,1318188782,1205.00
778,344412934,507.00
779,1413087624,222.00
780,302210838,4461.00
781,276609930,2920.00
782,314953060,2729.00
783,1408810494,2449.00
784,101180066,2408.00
785,972699565,674.00
786,234995574,4436.00
787,555640565,1809.00
788,228084269,2177.00
789,288230930,872.00
790,452434626,546.00
791,2188592076,72.00
792,1749892045,1435.00
793,1209794983,367.00
794,320968894,541.00
795,533840238,6849.00
796,358371877,5597.00
797,2155621458,216.00
798,350622108,1427.00
799,1059200827,3355.00
800,1632852079,1920.00
801,892263456,297.00
802,489787074,2948.00
803,1000662331,1010.00
804,365309211,1095.00
805,222571006,413.00
806,418796991,259.00
807,2207668930,24.00
808,1401759265,210.00
809,257541150,909.00
810,244604557,875.00
811,1368228384,267.00
812,1390582345,290.00
813,200961618,7907.00
814,1864388569,262.00
815,826791090,825.00
816,248389870,7807.00
817,443211863,738.00
818,1659177385,152.00
819,1529659933,4123.00
820,1561143523,1788.00
821,794794147,1251.00
822,1318710937,574.00
823,1152077396,16730.00
824,1467461276,696.00
825,705761317,3045.00
826,402143985,514.00
827,238775790,3320.00
828,999854988,4522.00
829,57384481,1920.00
830,183231688,2605.00
831,1357282518,5639.00
832,521769558,3093.00
833,981467832,1441.00
834,345843870,915.00
835,1370034217,10423.00
836,555322052,492.00
837,1719840409,353.00
838,1311002539,1452.00
839,1026860305,4061.00
840,582187490,1175.00
841,273177183,15853.00
842,69619882,486.00
843,391286090,3333.00
844,1331983855,2486.00
845,1889628746,803.00
846,1898666934,151.00
847,162912072,1821.00
848,134300287,17914.00
849,583928621,433.00
850,336829774,1364.00
851,946305878,2090.00
852,777102468,837.00
853,395272575,1035.00
854,1381882022,1575.00
855,348373925,1527.00
856,783488545,2885.00
857,228034203,17240.00
858,224745017,55.00
859,1628657935,11793.00
860,356454821,347.00
861,464813844,787.00
862,133400435,343.00
863,590990468,1272.00
864,1066003387,2008.00
865,329378386,3428.00
866,606178070,448.00
867,490617341,2763.00
868,211577089,1064.00
869,2147849863,284.00
870,192081778,1058.00
871,1551598165,1975.00
872,85500982,4187.00
873,1887805614,587.00
874,329798686,451.00
875,322155267,2892.00
876,487186264,1220.00
877,889972057,1182.00
878,714564008,476.00
879,370743603,1579.00
880,237854210,537.00
881,628681933,6804.00
882,517999380,1324.00
883,292654431,5516.00
884,974612822,2707.00
885,548547470,1359.00
886,882081224,2167.00
887,1657419816,317.00
888,433819500,199.00
889,387154760,5066.00
890,144046340,3448.00
891,890537192,8821.00
892,822278648,5433.00
893,461665269,676.00
894,823597232,1744.00
895,284390920,6640.00
896,94902036,2099.00
897,928795278,1033.00
898,1001973163,608.00
899,1587133538,4125.00
900,977064224,2690.00
901,1253343157,10403.00
902,1514621724,1632.00
903,156449730,26229.00
904,824437860,5823.00
905,259247129,1518.00
906,587403561,8484.00
907,490550756,722.00
908,1645677188,9824.00
909,1391456382,1656.00
910,376501034,535.00
911,1452768127,2962.00
912,102189004,1301.00
913,244603177,1840.00
914,425369749,14645.00
915,573140202,8379.00
916,601271530,2917.00
917,318094157,3441.00
918,413248163,3117.00
919,251670427,29269.00
920,768215754,594.00
921,184392114,5197.00
922,141707924,7061.00
923,349161702,12209.00
924,209706143,5842.00
925,353717927,3411.00
926,2193262788,527.00
927,235856236,713.00
928,1361027317,75.00
929,1525870933,1947.00
930,174413326,2361.00
931,823390014,384.00
932,2172757445,458.00
933,1168422902,128.00
934,420746855,1753.00
935,132123557,5520.00
936,433482975,1916.00
937,1306485722,3379.00
938,520869620,6302.00
939,1325841008,2397.00
940,731048274,1412.00
941,170048231,1713.00
942,400384658,4513.00
943,1491439788,65.00
944,1129033950,4425.00
945,764216599,870.00
946,1067759154,4333.00
947,615742890,399.00
948,423893401,10675.00
949,548033980,650.00
950,302028075,10678.00
951,1973794496,1398.00
952,1321081069,1766.00
953,1521577100,1860.00
954,1602844382,2182.00
955,1229902622,2173.00
956,496036056,9937.00
957,725168408,14443.00
958,186236293,1302.00
959,1075491720,288.00
960,233803574,4650.00
961,58288468,898.00
962,338932106,1071.00
963,1578818256,5202.00
964,98008008,15278.00
965,2165229991,127.00
966,1113199220,6979.00
967,230753087,8226.00
968,807711595,1149.00
969,222935462,5871.00
970,319333554,642.00
971,2188075902,331.00
972,110787503,368.00
973,279903998,1874.00
974,1334070422,759.00
975,350054973,740.00
976,329264315,24567.00
977,352004931,5339.00
978,601864211,1284.00
979,1267870554,86059.00
980,605794934,503.00
981,616748756,2102.00
982,174455023,732.00
983,1546161463,6213.00
984,129834381,1563.00
985,399292500,4611.00
986,1038256602,1163.00
987,552100469,987.00
988,173778159,301.00
989,305755723,176.00
990,1581258018,3807.00
991,601245283,7712.00
992,310976260,2591.00
993,952987063,2046.00
994,382862517,1678.00
995,243523923,8489.00
996,716045551,16734.00
997,431171620,2748.00
998,578281049,1231.00
999,2181299541,11.00
1000,1708159736,138.00
1001,58966129,1623.00
1002,1138677554,657.00
1003,483508959,379.00
1004,1120109137,155.00
1005,1424580794,1540.00
1006,449479046,2749.00
1007,451514513,2016.00
1008,1937664984,354.00
1009,910830662,4448.00
1010,548569720,11015.00
1011,327261344,955.00
1012,60076349,232.00
1013,981498128,2509.00
1014,1658295954,550.00
1015,940299463,461.00
1016,953461566,1250.00
1017,260897107,109.00
1018,847996520,3811.00
1019,318015571,8058.00
1020,1189024158,1272.00
1021,405197592,13711.00
1022,1944386792,355.00
1023,1901973984,288.00
1024,635703798,3062.00
1025,1595139428,919.00
1026,364363813,10473.00
1027,62480356,1357.00
1028,193522195,6414.00
1029,351394064,1251.00
1030,223181418,257578.00
1031,1392613405,1556.00
1032,509136050,6999.00
1033,210949307,194.00
1034,182190030,154.00
1035,2210067241,72.00
1036,1329918132,494.00
1037,1692552966,2434.00
1038,2217371844,962.00
1039,551566242,5734.00
1040,1570888850,301.00
1041,155871002,21075.00
1042,562202978,2605.00
1043,568171612,5322.00
1044,540522042,1889.00
1045,1166754516,3618.00
1046,311938819,2971.00
1047,1049474173,7310.00
1048,524973198,3018.00
1049,1965465816,929.00
1050,1528692193,572.00
1051,1275042512,4099.00
1052,273001851,6958.00
1053,1149304560,5080.00
1054,1480696992,331.00
1055,1925201191,310.00
1056,371465574,1949.00
1057,274216131,1275.00
1058,765872234,873.00
1059,1149469946,4261.00
1060,131322641,611.00
1061,1505792322,924.00
1062,329336235,5430.00
1063,1378651795,1715.00
1064,1065773468,6718.00
1065,1411164529,19633.00
1066,341040913,817.00
1067,966469094,1977.00
1068,2176674297,205.00
1069,2187839547,87.00
1070,1067540455,981.00
1071,2155737084,423.00
1072,496327862,1376.00
1073,254761626,11840.00
1074,15685115,8175.00
1075,99368285,11159.00
1076,518555014,2626.00
1077,1321384688,882.00
1078,1360290006,244.00
1079,277459459,13662.00
1080,286486075,939.00
1081,235590616,3680.00
1082,43992418,20170.00
1083,235616258,686.00
1084,995949343,2067.00
1085,304989773,1193.00
1086,1719925879,89.00
1087,178582039,710.00
1088,466893952,2811.00
1089,1318220311,283.00
1090,1231287487,11075.00
1091,241127563,16494.00
1092,328143378,580.00
1093,1289532456,1107.00
1094,1555722972,1604.00
1095,368624699,1703.00
1096,330689139,2648.00
1097,607746621,293.00
1098,573918429,2482.00
1099,307902267,4245.00
1100,711021564,16203.00
1101,2172491668,111.00
1102,800153119,897.00
1103,528887641,457.00
1104,634946830,602.00
1105,245908390,436.00
1106,301788547,2275.00
1107,278615495,705.00
1108,465144648,14484.00
1109,194378807,1048.00
1110,1649084960,200.00
1111,877410378,22.00
1112,1319928073,6740.00
1113,303326711,630.00
1114,1961703853,381.00
1115,1193100421,7564.00
1116,231912424,600.00
1117,1579691449,86.00
1118,1045923612,463.00
1119,489746004,51657.00
1120,258035731,2191.00
1121,278248333,1570.00
1122,1052360713,1596.00
1123,975172351,6901.00
1124,944900430,849.00
1125,1007677765,3694.00
1126,1562188075,455.00
1127,871392991,3316.00
1128,453575212,3250.00
1129,434364529,6174.00
1130,484432678,3706.00
1131,1582654303,1598.00
1132,836204498,135.00
1133,1011993972,432.00
1134,558431951,1600.00
1135,148568047,1124.00
1136,617528912,305.00
1137,345012108,209.00
1138,455978413,6678.00
1139,104172109,575.00
1140,2202114248,46.00
1141,1455156422,3926.00
1142,1477945794,4471.00
1143,1345614391,2823.00
1144,401177532,3708.00
1145,1345266722,1412.00
1146,31775600,133275.00
1147,1040110364,488.00
1148,1163275820,536.00
1149,801807288,201.00
1150,1252258723,1620.00
1151,429988674,7054.00
1152,112043366,4947.00
1153,1619837953,318.00
1154,786035593,2104.00
1155,1437493622,68.00
1156,297141961,1361.00
1157,1319637296,2684.00
1158,1569115526,1195.00
1159,364527309,262.00
1160,758889882,1617.00
1161,569691939,243.00
1162,1434456098,1591.00
1163,1431335304,2773.00
1164,2150281601,1849.00
1165,502141732,27772.00
1166,704145762,1281.00
1167,1553965381,452.00
1168,1096231429,1772.00
1169,573671466,1616.00
1170,946608667,140350.00
1171,2194948321,222.00
1172,603790115,306.00
1173,220293462,2249.00
1174,917354132,1726.00
1175,1505215321,601.00
1176,1091077422,352.00
1177,347358825,2064.00
1178,1214019480,1888.00
1179,429505388,6509.00
1180,1643289566,102.00
1181,1177058718,11267.00
1182,159309954,5029.00
1183,623241590,4310.00
1184,1237120350,1381.00
1185,355079162,746.00
1186,471974575,620.00
1187,591117124,5243.00
1188,341277454,1522.00
1189,442160051,1140.00
1190,498073078,2800.00
1191,1972158066,289.00
1192,851890782,3301.00
1193,1046320915,717.00
1194,127081431,199.00
1195,275192872,45550.00
1196,742784738,1862.00
1197,1659024223,6596.00
1198,1370811954,570.00
1199,331132028,1333.00
1200,568818121,226.00
1201,67605722,907.00
1202,1978612338,1326.00
1203,1057973197,4234.00
1204,147748165,5183.00
1205,815974105,5510.00
1206,1615882748,753.00
1207,416015683,58.00
1208,706029193,2563.00
1209,53605296,557.00
1210,630470363,11932.00
1211,508786354,15920.00
1212,2176367633,47.00
1213,1206101557,177.00
1214,1941501432,131.00
1215,318067454,2780.00
1216,1608423638,1801.00
1217,1973851118,2735.00
1218,842831858,5136.00
1219,1733617027,382.00
1220,287970402,4597.00
1221,131945070,6173.00
1222,1389012008,2799.00
1223,2175821986,28.00
1224,249952056,883.00
1225,336351839,3515.00
1226,125397428,1763.00
1227,418011007,2415.00
1228,469545359,7023.00
1229,615847474,704.00
1230,912169746,118.00
1231,2223031104,78.00
1232,718698403,495.00
1233,2186865751,2.00
1234,421394875,2516.00
1235,118527055,1721.00
1236,1106193883,183.00
1237,1513917091,856.00
1238,291771785,562.00
1239,57863150,1767.00
1240,1402508658,1334.00
1241,157139093,340.00
1242,109929863,4862.00
1243,594767141,1796.00
1244,1024500692,2242.00
1245,1517322204,451.00
1246,125811766,188.00
1247,1093484287,2496.00
1248,826385690,711.00
1249,2189400534,49.00
1250,1060349036,3144.00
1251,101854971,14403.00
1252,2186856200,2.00
1253,1868132719,84.00
1254,588713969,895.00
1255,52067251,146.00
1256,1646585826,957.00
1257,178833151,3261.00
1258,423795430,2775.00
1259,438624481,329.00
1260,241740353,1493.00
1261,1697012586,2724.00
1262,728317969,959.00
1263,610552359,1681.00
1264,716850798,403.00
1265,381007045,4519.00
1266,116271160,2300.00
1267,406528745,1028.00
1268,1270419626,308.00
1269,878012684,1587.00
1270,1260940921,4778.00
1271,495526810,477.00
1272,1278515472,72.00
1273,1148234538,907.00
1274,476518066,1925.00
1275,609804313,3209.00
1276,192361817,251.00
1277,322227556,6.00
1278,128065249,2338.00
1279,424417906,1391.00
1280,1526513364,6909.00
1281,259343758,452.00
1282,191433514,3053.00
1283,275664521,6268.00
1284,1379458970,241.00
1285,700098071,336.00
1286,451280675,5180.00
1287,860803921,2098.00
1288,385707137,276.00
1289,1061740729,24610.00
1290,91454598,833.00
1291,172997646,4694.00
1292,96194833,1851.00
1293,1322732215,245.00
1294,174465013,13857.00
1295,480339105,3289.00
1296,892147933,5055.00
1297,433683964,3757.00
1298,408596382,9268.00
1299,551409181,1645.00
1300,1011329257,11241.00
1301,913562034,2154.00
1302,264404179,744.00
1303,803440783,1166.00
1304,860230987,11241.00
1305,2151434327,1087.00
1306,269289898,3673.00
1307,233289787,2699.00
1308,1337676336,766.00
1309,983007288,4472.00
1310,571382962,2112.00
1311,706926701,43.00
1312,1223079864,4512.00
1313,382851179,295.00
1314,612581332,608.00
1315,773938476,2676.00
1316,260406658,496.00
1317,1471855212,1661.00
1318,382900921,1110.00
1319,168866238,1125.00
1320,324186241,2267.00
1321,454413807,1840.00
1322,707546072,1342.00
1323,419833422,226.00
1324,1961901079,170.00
1325,71695954,931.00
1326,246290890,4447.00
1327,542130248,939.00
1328,752010481,1817.00
1329,468510012,779.00
1330,254163119,1218.00
1331,176464853,4314.00
1332,1463441492,44.00
1333,280726687,2390.00
1334,273206407,3129.00
1335,201800262,449.00
1336,208539564,714.00
1337,421394992,6096.00
1338,436935383,1168.00
1339,475460107,49.00
1340,265306905,3853.00
1341,551246662,13501.00
1342,1369637130,1014.00
1343,40347131,11357.00
1344,728240706,977.00
1345,1900425487,1039.00
1346,479880918,5923.00
1347,1610521640,504.00
1348,968201809,847.00
1349,1964072671,191.00
1350,1551509678,3267.00
1351,181316614,961.00
1352,431314092,5269.00
1353,121486892,2038.00
1354,844195669,7954.00
1355,1287121656,612.00
1356,488438517,4534.00
1357,353735756,558.00
1358,549484617,22568.00
1359,574715600,25299.00
1360,363451628,102.00
1361,1437352508,1333.00
1362,336859526,14243.00
1363,306897917,735.00
1364,881075466,504.00
1365,310654126,1670.00
1366,1489917553,109.00
1367,605670913,6621.00
1368,708105854,6142.00
1369,1038869070,141.00
1370,2202342452,12.00
1371,250828599,7435.00
1372,261433392,4499.00
1373,79434343,5155.00
1374,122991403,484.00
1375,1394871794,1124.00
1376,298762675,3363.00
1377,1113812461,3317.00
1378,1293858032,4506.00
1379,1641572101,1684.00
1380,913403418,77.00
1381,947748216,690.00
1382,403627471,356.00
1383,324418715,297.00
1384,794528744,18068.00
1385,103405055,7728.00
1386,778386246,1563.00
1387,224921031,18339.00
1388,124264446,10107.00
1389,384751419,3346.00
1390,1465568719,1774.00
1391,1238201515,1785.00
1392,105526196,1187.00
1393,202297216,6588.00
1394,1360285915,325.00
1395,1049173122,273.00
1396,730650858,5495.00
1397,319762355,5408.00
1398,320845672,1672.00
1399,774534036,858.00
1400,81644484,5430.00
1401,1529772571,1245.00
1402,258395025,768.00
1403,983653266,71.00
1404,1594009352,893.00
1405,909040087,2076.00
1406,909767552,23.00
1407,303782621,3940.00
1408,1932506282,685.00
1409,2192547049,515.00
1410,347999550,112.00
1411,1962542466,1588.00
1412,1088984209,698.00
1413,796807969,56.00
1414,126433456,16746.00
1415,281763824,7422.00
1416,475655739,13170.00
1417,150025668,6512.00
1418,460490722,3592.00
1419,1322018898,2336.00
1420,981422868,5872.00
1421,1723579932,660.00
1422,272291610,2234.00
1423,561306538,2433.00
1424,172255128,1800.00
1425,378858566,1082.00
1426,863910840,4275.00
1427,891812869,756.00
1428,539027539,5337.00
1429,623663585,3730.00
1430,284245880,971.00
1431,924214220,3201.00
1432,1658582886,573.00
1433,597741435,2259.00
1434,890256906,958.00
1435,1314417991,1116.00
1436,194374837,1052.00
1437,1541620418,9813.00
1438,1049698086,1427.00
1439,1007692242,1580.00
1440,181634572,5825.00
1441,406139384,6226.00
1442,762798222,5647.00
1443,790213688,617.00
1444,108471736,7937.00
1445,283753954,3617.00
1446,2202064394,47.00
1447,2187174722,116.00
1448,157712893,17453.00
1449,1157273696,14516.00
1450,198319988,9013.00
1451,275387899,449.00
1452,1861551180,1060.00
1453,337427747,2238.00
1454,1001609684,9319.00
1455,1559612467,2231.00
1456,201495903,2010.00
1457,585786517,19082.00
1458,466012127,519.00
1459,712334719,555.00
1460,951897698,149.00
1461,895859461,1033.00
1462,106231965,8310.00
1463,2171312264,157.00
1464,1566990390,4310.00
1465,1188035298,2361.00
1466,1486226328,107.00
1467,174024743,1989.00
1468,636985110,1057.00
1469,774132445,3499.00
1470,156933304,9924.00
1471,765115002,2835.00
1472,346218693,1352.00
1473,2147859894,3355.00
1474,1681412850,1995.00
1475,706990166,4172.00
1476,1974578515,384.00
1477,1628289672,58.00
1478,153158977,1046.00
1479,390067948,2784.00
1480,944760049,3224.00
1481,543811707,2109.00
1482,281213008,6525.00
1483,165201635,1827.00
1484,1330439822,4101.00
1485,775832820,12645.00
1486,562559487,2666.00
1487,1401908191,4404.00
1488,712030015,181.00
1489,1360332080,1021.00
1490,159633922,1529.00
1491,270635136,8045.00
1492,629758676,2254.00
1493,1387356788,2881.00
1494,780814658,159.00
1495,174548137,4830.00
1496,1636621890,2928.00
1497,1447186800,646.00
1498,2195222010,166.00
1499,150040932,9262.00
1500,840181830,1065.00
1501,535546006,345.00
1502,1052800622,555.00
1503,1953522728,23.00
1504,402522265,830.00
1505,190392229,1872.00
1506,1338455054,1190.00
1507,450846835,1106.00
1508,334384978,10991.00
1509,507617665,4186.00
1510,1007205588,1014.00
1511,284061351,1621.00
1512,1876780141,131.00
1513,212009322,2477.00
1514,351262814,474.00
1515,756435044,166.00
1516,251944840,9333.00
1517,1490782699,169.00
1518,629161608,8286.00
1519,758540365,219.00
1520,2196437521,338.00
1521,441491566,11127.00
1522,891692028,2796.00
1523,457652225,4846.00
1524,457618957,10121.00
1525,385616842,1085.00
1526,2177377606,26.00
1527,564981717,6299.00
1528,968560226,19.00
1529,435464909,1630.00
1530,477679792,7268.00
1531,326517261,1141.00
1532,406297543,290.00
1533,863818027,682.00
1534,232221967,8573.00
1535,255645831,23107.00
1536,266186401,4494.00
1537,1428009781,3279.00
1538,1957057472,74.00
1539,1249704206,3878.00
1540,584768075,2077.00
1541,219168611,693.00
1542,1236176959,79.00
1543,385210476,374.00
1544,616784302,1344.00
1545,542919323,9914.00
1546,637250294,2988.00
1547,848372766,614.00
1548,450205785,322.00
1549,1388421336,2026.00
1550,518156071,329.00
1551,603813454,659.00
1552,189372668,484.00
1553,147120046,705.00
1554,599665457,472.00
1555,946729734,803.00
1556,356439960,952.00
1557,297150615,1379.00
1558,257910070,134.00
1559,178478045,824.00
1560,276626202,4159.00
1561,878480078,1006.00
1562,337773962,1491.00
1563,921599575,8513.00
1564,119752530,3987.00
1565,709817719,485.00
1566,383453145,810.00
1567,1349543419,556.00
1568,1252543004,4246.00
1569,1220351227,4199.00
1570,262045338,2301.00
1571,271271893,392.00
1572,881389824,2810.00
1573,620055307,594.00
1574,1475202344,1420.00
1575,1096758116,2252.00
1576,356676580,1319.00
1577,1722784980,2004.00
1578,634994358,47900.00
1579,760358353,8571.00
1580,257941169,3841.00
1581,464589221,397.00
1582,327487739,12857.00
1583,1566903972,162.00
1584,770521099,8017.00
1585,1265288754,3408.00
1586,1626183144,261.00
1587,534758288,2214.00
1588,2232455779,3.00
1589,456312334,2422.00
1590,391932258,382.00
1591,1063040520,39343.00
1592,1061607846,858.00
1593,202791223,4109.00
1594,405029620,5072.00
1595,345266818,963.00
1596,102961107,27764.00
1597,792324247,1974.00
1598,540949933,5943.00
1599,1145903862,322.00
1600,273158562,1668.00
1601,1016250103,1997.00
1602,1650969422,206.00
1603,300357426,3306.00
1604,404456720,578.00
1605,860355428,856.00
1606,324656563,4591.00
1607,1157617884,1931.00
1608,162800521,11485.00
1609,1653580993,1046.00
1610,220870908,6635.00
1611,276512675,933.00
1612,144684377,25852.00
1613,1423667473,955.00
1614,67007378,3199.00
1615,944798096,3401.00
1616,502138174,4760.00
1617,1624640569,2359.00
1618,1556703284,3198.00
1619,436346220,10792.00
1620,1611800431,2150.00
1621,1237973928,2659.00
1622,942790987,1238.00
1623,1324102129,1545.00
1624,1250579238,1184.00
1625,175333752,121.00
1626,1959308785,320.00
1627,1358273491,1254.00
1628,1367336982,29.00
1629,1074432799,1700.00
1630,2181398924,164.00
1631,510882326,1807.00
1632,119859351,2401.00
1633,1072764319,4567.00
1634,1695146076,37.00
1635,1131818149,1131.00
1636,417972999,1707.00
1637,158745932,5481.00
1638,564838353,547.00
1639,219438819,1565.00
1640,1634459238,2363.00
1641,731435732,4023.00
1642,627796496,737.00
1643,774390120,4246.00
1644,535762936,3460.00
1645,340062648,571.00
1646,1170277568,1648.00
1647,1662552594,252.00
1648,1107633990,1096.00
1649,768142284,1616.00
1650,783465636,1862.00
1651,1113270120,3603.00
1652,1653719622,527.00
1653,1249630352,3749.00
1654,228124150,3418.00
1655,1201620902,355.00
1656,1377796824,884.00
1657,458506963,3964.00
1658,194190942,552.00
1659,127130939,1585.00
1660,549812171,1551.00
1661,1406261024,481.00
1662,354028028,4630.00
1663,988937268,1305.00
1664,1077433543,131.00
1665,289724214,1634.00
1666,1460457762,3748.00
1667,604140048,755.00
1668,124670871,8387.00
1669,714696312,1853.00
1670,410198540,2130.00
1671,2182218499,1412.00
1672,324629445,357.00
1673,611458603,7723.00
1674,1206817759,2971.00
1675,1304670948,4524.00
1676,332665803,1464.00
1677,1245180378,6897.00
1678,981528355,5125.00
1679,1580941832,9947.00
1680,244544653,2162.00
1681,265509830,1122.00
1682,362720236,411.00
1683,1187566183,7716.00
1684,1929046530,624.00
1685,370914034,1751.00
1686,855450710,4675.00
1687,367323422,1594.00
1688,1671479083,5198.00
1689,1062341394,2469.00
1690,296908214,6398.00
1691,582186091,1006.00
1692,1384640196,2080.00
1693,294280365,2734.00
1694,405248025,2349.00
1695,334138880,7461.00
1696,614480761,1608.00
1697,1337608136,529.00
1698,251323953,10697.00
1699,594158798,675.00
1700,420007833,5555.00
1701,1316911044,2104.00
1702,946589106,12424.00
1703,288499154,1732.00
1704,262999365,4695.00
1705,1249518026,339.00
1706,467599828,1221.00
1707,1396143146,242.00
1708,235368513,528.00
1709,261291782,468.00
1710,1483181342,270.00
1711,1687252968,216.00
1712,599362835,5190.00
1713,315343689,411.00
1714,626004978,9201.00
1715,579789750,1202.00
1716,110136365,1824.00
1717,329145658,652.00
1718,1090097611,1336.00
1719,277718361,3332.00
1720,337298450,274.00
1721,769511582,1368.00
1722,891954757,1533.00
1723,1479693600,2.00
1724,82495289,5205.00
1725,2205045792,55.00
1726,861884335,5099.00
1727,1711737678,702.00
1728,1461126518,2195.00
1729,1045616641,1184.00
1730,2219215951,14.00
1731,173916009,418.00
1732,428782536,4967.00
1733,703625770,1852.00
1734,598713207,534.00
1735,293285615,1367.00
1736,1332132450,1487.00
1737,1301531564,2888.00
1738,1031841216,540.00
1739,1167639697,1115.00
1740,2227124648,84.00
1741,1941892452,866.00
1742,234280752,1369.00
1743,1602584558,284.00
1744,199137417,2319.00
1745,44057940,2246.00
1746,913727298,845.00
1747,783464834,2517.00
1748,195214673,416.00
1749,942319320,7911.00
1750,2195659606,102.00
1751,183507790,6476.00
1752,580448835,3807.00
1753,417249913,1669.00
1754,251874150,407.00
1755,1886008080,709.00
1756,69088440,4861.00
1757,1418319427,2140.00
1758,559338892,300.00
1759,119436410,3508.00
1760,260849373,3958.00
1761,279822153,5476.00
1762,152986881,632.00
1763,555719559,611.00
1764,173605666,484.00
1765,1131091723,254.00
1766,1265943457,462.00
1767,412535680,3569.00
1768,510864711,436.00
1769,226694659,1282.00
1770,959033496,1467.00
1771,330031487,525.00
1772,360920363,536.00
1773,733690939,884.00
1774,322927106,7107.00
1775,373590150,5771.00
1776,1692885194,986.00
1777,302081484,10850.00
1778,1868964998,134.00
1779,1877264245,3808.00
1780,288643092,582.00
1781,1939256995,24.00
1782,797361722,894.00
1783,1839010933,3081.00
1784,265450676,1834.00
1785,961137666,4690.00
1786,2214786613,141.00
1787,1262248255,298.00
1788,578231138,1743.00
1789,611843107,13880.00
1790,623848543,555.00
1791,229222103,284.00
1792,573792221,531.00
1793,502330206,4581.00
1794,1567090926,1600.00
1795,136236039,1299.00
1796,878402719,26858.00
1797,1351515498,4105.00
1798,421389557,266.00
1799,2196932588,0.00
1800,1117394815,1816.00
1801,711882074,5892.00
1802,2190623088,2430.00
1803,460481671,198.00
1804,264745238,973.00
1805,278108645,1222.00
1806,146251850,2391.00
1807,142164177,1072.00
1808,270066124,1532.00
1809,1698282318,1492.00
1810,373941319,3218.00
1811,1160842825,278.00
1812,1326781675,8879.00
1813,550075559,327.00
1814,568269473,1137.00
1815,389830989,409.00
1816,273425389,3579.00
1817,177733953,4413.00
1818,1481078611,2368.00
1819,456360566,670.00
1820,1726751107,3256.00
1821,153970851,7090.00
1822,948694688,4025.00
1823,1112911489,927.00
1824,211530541,13620.00
1825,710557615,2212.00
1826,143143231,5317.00
1827,177634664,3102.00
1828,458540650,2253.00
1829,1509093847,4393.00
1830,1955863142,109.00
1831,1230773202,703.00
1832,299911520,1934.00
1833,323055999,1321.00
1834,877569636,267.00
1835,952996128,3010.00
1836,782285880,7391.00
1837,600662073,433.00
1838,497988002,3451.00
1839,1370685234,1123.00
1840,1216461840,2848.00
1841,227428392,689.00
1842,294287122,176.00
1843,327711967,7446.00
1844,985475756,7627.00
1845,309083170,3255.00
1846,343853963,7459.00
1847,2193097572,241.00
1848,2181048513,90.00
1849,1573476427,201.00
1850,1606711670,4424.00
1851,454387575,393.00
1852,302290072,7986.00
1853,310640211,27623.00
1854,1003067238,2302.00
1855,482755089,272.00
1856,372512188,6001.00
1857,1664339594,26089.00
1858,981821048,4957.00
1859,2207033680,4.00
1860,332608393,1343.00
1861,2149805749,114.00
1862,1693741849,1208.00
1863,760630896,965.00
1864,304033590,1477.00
1865,575871646,697.00
1866,236080116,275.00
1867,1025466024,610.00
1868,608639923,4352.00
1869,328344592,1273.00
1870,449134894,5986.00
1871,456680178,8139.00
1872,100621473,2219.00
1873,364787328,6133.00
1874,1372569170,1101.00
1875,274399793,328.00
1876,336809891,43156.00
1877,447490405,731.00
1878,167355192,3426.00
1879,635763219,614.00
1880,1383507919,1097.00
1881,1605417122,258.00
1882,275741762,5292.00
1883,129224312,2023.00
1884,465972676,30061.00
1885,346424073,138.00
1886,422709422,9856.00
1887,822390062,3329.00
1888,80412616,300.00
1889,1226255695,488.00
1890,476343838,694.00
1891,979438802,1125.00
1892,496233589,469.00
1893,86375088,1496.00
1894,606652105,1675.00
1895,209242870,651.00
1896,1931795396,1099.00
1897,337858334,307.00
1898,591159622,229.00
1899,1605009019,968.00
1900,1314742358,6748.00
1901,1638598603,2891.00
1902,1347824083,3015.00
1903,1905332550,154.00
1904,297999303,3860.00
1905,1548687300,1215.00
1906,1272598890,3026.00
1907,2147633396,5644.00
1908,1202677327,322.00
1909,1259421246,823.00
1910,543134788,2297.00
1911,28842209,13711.00
1912,1708057376,163.00
1913,823422800,1518.00
1914,1626224300,2277.00
1915,287038187,8908.00
1916,1251168488,400.00
1917,1075354982,984.00
1918,354545228,594.00
1919,439269298,12527.00
1920,314532514,1920.00
1921,223190663,7697.00
1922,773842903,4782.00
1923,1148452152,10959.00
1924,556287372,1869.00
1925,539553367,897.00
1926,370383777,17931.00
1927,911004224,3286.00
1928,518141891,1409.00
1929,1336123616,2004.00
1930,2230682064,11.00
1931,119479936,6813.00
1932,822723985,6774.00
1933,1106839123,11395.00
1934,1894506684,160.00
1935,800245116,2545.00
1936,99865911,366.00
1937,147395320,558.00
1938,1319657696,1535.00
1939,990230083,1465.00
1940,414673411,2132.00
1941,743757120,182.00
1942,1216590284,1854.00
1943,441297785,2301.00
1944,723691184,457.00
1945,2163499002,342.00
1946,159914342,1069.00
1947,1884872186,139.00
1948,440373237,1955.00
1949,1635134869,108.00
1950,126661466,477.00
1951,278224084,9783.00
1952,327152498,1497.00
1953,390034648,1797.00
1954,1392638556,3849.00
1955,157530463,426.00
1956,600201589,74.00
1957,176859075,8494.00
1958,1442698754,1401.00
1959,485072895,2878.00
1960,138880042,1687.00
1961,1580338843,34.00
1962,1725883602,961.00
1963,2172087245,18.00
1964,542740027,5635.00
1965,422326373,802.00
1966,99172004,13172.00
1967,911508007,419.00
1968,583331832,3154.00
1969,1056196843,480.00
1970,817351170,1826.00
1971,1596891709,6301.00
1972,518003932,20.00
1973,855923485,141.00
1974,1166564966,6746.00
1975,633436077,5935.00
1976,1653766998,253.00
1977,1132089036,547.00
1978,874736701,503.00
1979,1939604503,480.00
1980,322307941,1011.00
1981,946153094,1781.00
1982,1478240419,122.00
1983,741571238,16967.00
1984,258014384,438.00
1985,184832093,11345.00
1986,303138113,38332.00
1987,1038500202,3642.00
1988,329860201,109.00
1989,717543248,3029.00
1990,1428254324,1164.00
1991,1322335854,403.00
1992,69614814,1062.00
1993,346852061,3815.00
1994,542949307,4993.00
1995,242921035,196.00
1996,1010318354,1631.00
1997,172130893,9589.00
1998,1547101206,4700.00
1999,959889570,1918.00
2000,291962415,1710.00
2001,635887856,558.00
2002,1554243175,4543.00
2003,1332950046,1468.00
2004,354065603,3168.00
2005,340385213,6191.00
2006,437955561,2336.00
2007,298155860,2473.00
2008,1025145469,2178.00
2009,179733476,195.00
2010,234875500,5816.00
2011,1216304990,2764.00
2012,978277398,8070.00
2013,489360056,1151.00
2014,1968387661,540.00
2015,365100710,5060.00
2016,1714946737,975.00
2017,1460132156,1242.00
2018,321962319,890.00
2019,532571356,1795.00
2020,467625978,705.00
2021,973992607,199.00
2022,396330870,1977.00
2023,747329294,1348.00
2024,619644369,514.00
2025,1151673938,150.00
2026,1160060478,14318.00
2027,451150940,3531.00
2028,1063557967,9115.00
2029,713438754,2446.00
2030,118911524,6127.00
2031,1574687947,1178.00
2032,1510181966,616.00
2033,1180579003,491.00
2034,129202645,1368.00
2035,607013031,393.00
2036,288509608,1173.00
2037,394258198,5008.00
2038,1169163758,34.00
2039,920405413,526.00
2040,228940690,2371.00
2041,366626574,1296.00
2042,1528680252,245.00
2043,416651007,6737.00
2044,210974402,1899.00
2045,1873297578,135.00
2046,531555526,9365.00
2047,709926564,68.00
2048,1353314857,618.00
2049,451037989,2016.00
2050,195484382,469.00
2051,1919072911,292.00
2052,853620456,1019.00
2053,232446320,7376.00
2054,1346620290,978.00
2055,183427505,4833.00
2056,905392014,4301.00
2057,822705128,2607.00
2058,1370347376,1442.00
2059,105204220,3006.00
2060,283037189,1559.00
2061,933501992,103.00
2062,1739805512,62.00
2063,1431747576,768.00
2064,521530721,902.00
2065,1620234907,890.00
2066,1344853543,595.00
2067,1008661303,724.00
2068,378068533,641.00
2069,1040880991,863.00
2070,272912386,1257.00
2071,315372748,578.00
2072,319979690,568.00
2073,351169230,10909.00
2074,268584572,7658.00
2075,501708280,3450.00
2076,631488639,169.00
2077,205401092,333.00
2078,67228358,1565.00
2079,285034459,2127.00
2080,1202088504,76.00
2081,578024844,8822.00
2082,2224046714,26.00
2083,1442038566,557.00
2084,456092393,1884.00
2085,198231773,232.00
2086,147386939,876.00
2087,286477915,2230.00
2088,415339302,4845.00
2089,488109333,592.00
2090,302981030,1108.00
2091,135682030,13102.00
2092,768007074,10869.00
2093,1229552408,558.00
2094,623040288,2175.00
2095,637004154,358.00
2096,478087852,10064.00
2097,473437218,2865.00
2098,1523697984,1455.00
2099,421211763,2981.00
2100,759767864,1256.00
2101,1628987563,3304.00
2102,1072267262,2711.00
2103,1374609836,2200.00
2104,817598504,81.00
2105,277862385,5317.00
2106,492297510,8770.00
2107,1018441639,198.00
2108,466852101,3673.00
2109,569249586,11391.00
2110,1869369608,2510.00
2111,1557148872,27.00
2112,425309156,2081.00
2113,236678098,3977.00
2114,857074436,626.00
2115,606796865,121.00
2116,1565020891,3605.00
2117,1508402305,11422.00
2118,625360936,1359.00
2119,235746080,12850.00
2120,805523076,853.00
2121,1354010899,1117.00
2122,166564439,1130.00
2123,325553042,9824.00
2124,373361072,22091.00
2125,369716943,1775.00
2126,1212622490,376.00
2127,416656224,862.00
2128,2210012197,6.00
2129,1416684432,6447.00
2130,603982852,6832.00
2131,1261559834,1121.00
2132,217843115,485.00
2133,914301482,2304.00
2134,1587465042,4775.00
2135,754313654,57.00
2136,1442909642,932.00
2137,625783510,7767.00
2138,1234882916,788.00
2139,129305976,2919.00
2140,731538752,26125.00
2141,701892049,1581.00
2142,871975670,287.00
2143,534863203,313.00
2144,1582174681,563.00
2145,295960673,60.00
2146,1019967619,2103.00
2147,310850970,770.00
2148,1120500164,8888.00
2149,1468468178,821.00
2150,257735382,9417.00
2151,626751576,34.00
2152,261857359,383.00
2153,710043787,527.00
2154,463287268,2360.00
2155,2209182901,20.00
2156,1340799422,10541.00
2157,1594048795,4316.00
2158,427784923,603.00
2159,547490015,1273.00
2160,360260865,1746.00
2161,563463747,1120.00
2162,552985438,22.00
2163,1465906436,970.00
2164,213034055,9434.00
2165,626406504,5495.00
2166,1252973005,1362.00
2167,429595935,1451.00
2168,1557021079,5725.00
2169,1425865628,159.00
2170,310542436,643.00
2171,153496067,331.00
2172,2165376239,414.00
2173,712209427,1775.00
2174,590355550,2080.00
2175,165039795,1222.00
2176,1095976099,66.00
2177,420086577,2457.00
2178,74841791,2614.00
2179,393889300,1644.00
2180,1952846640,507.00
2181,379816640,541.00
2182,2183760467,346.00
2183,70204820,9800.00
2184,189653919,6015.00
2185,179260043,988.00
2186,227511152,1996.00
2187,312846806,1573.00
2188,450566255,3603.00
2189,633424816,2144.00
2190,1220021418,170.00
2191,169800131,5712.00
2192,838002234,2099.00
2193,735961080,404.00
2194,423844182,1589.00
2195,1858974985,614.00
2196,1456270171,4827.00
2197,353451876,29308.00
2198,1128186308,6633.00
2199,409552199,642.00
2200,230376547,1212.00
2201,745551409,3374.00
2202,52919284,1913.00
2203,709669140,1352.00
2204,1339595173,1548.00
2205,526952608,361.00
2206,1107011736,523.00
2207,1351801626,936.00
2208,1411001479,2391.00
2209,97324390,1596.00
2210,471059571,2118.00
2211,372325159,2492.00
2212,155028479,6190.00
2213,547297899,1282.00
2214,913295125,2249.00
2215,1126158223,5150.00
2216,1396446145,2838.00
2217,1519788307,1080.00
2218,291304477,5879.00
2219,882270090,1608.00
2220,70690045,1398.00
2221,426799876,3062.00
2222,2183003006,81.00
2223,854940968,824.00
2224,384595595,5450.00
2225,190879076,2330.00
2226,420642475,598.00
2227,1347781278,917.00
2228,1881557028,559.00
2229,383067023,2148.00
2230,356572670,225.00
2231,238377705,2501.00
2232,1219878882,2340.00
2233,454949753,4464.00
2234,215372525,3250.00
2235,290840355,573.00
2236,617200380,1170.00
2237,281258746,2562.00
2238,1591908384,14157.00
2239,622525760,418.00
2240,742146043,578.00
2241,616563842,2150.00
2242,1347791492,2856.00
2243,1128645320,1936.00
2244,850878282,591.00
2245,956168094,212.00
2246,939077930,6315.00
2247,606199598,594.00
2248,818547810,1234.00
2249,752743746,1378.00
2250,1225919527,451.00
2251,824481564,3853.00
2252,636037213,2037.00
2253,255272035,2161.00
2254,1656158971,1146.00
2255,1914155816,283.00
2256,128472994,94.00
2257,603146267,8920.00
2258,1661509351,1279.00
2259,1210692032,17.00
2260,1138167907,191.00
2261,557290300,1687.00
2262,1609359536,167.00
2263,594824674,206.00
2264,962443272,7181.00
2265,852710023,2405.00
2266,1323392545,5189.00
2267,235480800,2705.00
2268,800505829,2178.00
2269,1565216606,1672.00
2270,535935036,5414.00
2271,1624158853,1603.00
2272,2183377410,266.00
2273,190823702,6254.00
2274,173634054,1932.00
2275,194475884,1755.00
2276,1879415564,124.00
2277,159269593,1057.00
2278,2207445196,5.00
2279,544681239,655.00
2280,415137505,1417.00
2281,717252740,1305.00
2282,542840156,760.00
2283,272522375,1150.00
2284,1488774325,944.00
2285,154633795,6878.00
2286,187689249,3772.00
2287,340172765,9072.00
2288,703541060,1491.00
2289,514323281,637.00
2290,188971014,11325.00
2291,1518040584,7871.00
2292,1101818052,914.00
2293,290441660,1036.00
2294,851954690,821.00
2295,488084778,2524.00
2296,231824951,4792.00
2297,605773178,327.00
2298,233613094,1382.00
2299,1090892648,3517.00
2300,577736046,220.00
2301,367301776,1340.00
2302,523995703,1498.00
2303,304722342,4990.00
2304,547146191,4457.00
2305,1613922486,5044.00
2306,278718355,3618.00
2307,470678322,2853.00
2308,1375757802,1584.00
2309,612958622,76.00
2310,318078612,888.00
2311,287865378,1654.00
2312,1369750909,43.00
2313,239570477,2176.00
2314,190111333,823.00
2315,1240072916,168.00
2316,2168839969,93.00
2317,381889174,290.00
2318,733515818,1146.00
2319,1698062725,2597.00
2320,874922011,930.00
2321,624042411,2202.00
2322,346885113,1320.00
2323,1099950206,1778.00
2324,110328199,18428.00
2325,593727356,2399.00
2326,2164127230,57.00
2327,2232409244,6.00
2328,347163637,2936.00
2329,762136537,1456.00
2330,253545176,1306.00
2331,1574166223,54.00
2332,1242045282,843.00
2333,828475124,2609.00
2334,614288856,1086.00
2335,861896665,8218.00
2336,174005251,497.00
2337,1123127401,1765.00
2338,1347907776,9269.00
2339,1678448365,833.00
2340,1527025772,1392.00
2341,1663928742,423.00
2342,636718044,1468.00
2343,173024199,3144.00
2344,1829133751,1004.00
2345,1461138824,9119.00
2346,1557063548,1953.00
2347,306343981,12405.00
2348,1939048135,322.00
2349,1449440628,1180.00
2350,1198863577,2549.00
2351,415901122,1378.00
2352,1614124886,707.00
2353,1387837164,406.00
2354,153083734,689.00
2355,394354753,462.00
2356,418388015,35.00
2357,1595518339,4235.00
2358,1332237494,394.00
2359,402773607,548.00
2360,1049020116,6032.00
2361,1678585038,460.00
2362,875961210,2494.00
2363,634644715,1094.00
2364,790831482,23295.00
2365,840377514,1773.00
2366,1372186082,1094.00
2367,1882025701,902.00
2368,591495316,3434.00
2369,1520288922,3953.00
2370,608497300,286.00
2371,46903645,1624.00
2372,279501542,339.00
2373,715154524,147.00
2374,1772231389,10633.00
2375,468233661,1707.00
2376,93089969,3873.00
2377,581113121,3254.00
2378,1080884678,3223.00
2379,1104310554,3366.00
2380,553059351,885.00
2381,578825677,3270.00
2382,748616556,1948.00
2383,227136099,5465.00
2384,336190909,949.00
2385,171300995,1722.00
2386,241839684,1418.00
2387,791827656,3027.00
2388,417005010,602.00
2389,475275349,3029.00
2390,45509924,2460.00
2391,1572828349,1644.00
2392,1357399514,848.00
2393,457698190,7441.00
2394,285899355,1354.00
2395,1320854384,389.00
2396,1327270454,192.00
2397,968054887,4577.00
2398,263452174,2764.00
2399,342499177,1533.00
2400,490487053,7439.00
2401,559207719,390.00
2402,534633467,24961.00
2403,180131738,3427.00
2404,1470438044,2028.00
2405,428222803,2359.00
2406,602294616,9731.00
2407,712909453,67.00
2408,159085095,218.00
2409,1689083005,670.00
2410,141328487,1471.00
2411,182871594,681.00
2412,337205965,4858.00
2413,1561841516,94.00
2414,582469888,6094.00
2415,325027123,452.00
2416,476075815,1121.00
2417,1638019380,643.00
2418,1216170390,916.00
2419,374218643,2032.00
2420,177393388,605.00
2421,405766586,2947.00
2422,310939164,396.00
2423,1589915652,683.00
2424,334258378,7619.00
2425,503993596,2686.00
2426,864398540,217.00
2427,738020924,936.00
2428,1038313944,615.00
2429,635123652,94.00
2430,451744489,2273.00
2431,1455703812,8773.00
2432,350020833,790.00
2433,585058517,2952.00
2434,69277744,810.00
2435,157427134,170.00
2436,459686873,4374.00
2437,624785810,13959.00
2438,594906034,1579.00
2439,2191124268,45.00
2440,296010124,2444.00
2441,1073717024,1260.00
2442,789381476,1385.00
2443,1232706728,1630.00
2444,553410509,2016.00
2445,1063361839,1769.00
2446,505297453,777.00
2447,405343603,1013.00
2448,164465678,12599.00
2449,1636153314,955.00
2450,327573318,980.00
2451,1896934632,2827.00
2452,364654925,3217.00
2453,796084436,6323.00
2454,571239776,14849.00
2455,705288404,15074.00
2456,1610461812,1053.00
2457,329486211,11534.00
2458,517539030,1327.00
2459,2187200310,30.00
2460,907228556,350.00
2461,337676067,4222.00
2462,1168203162,160.00
2463,608724448,12165.00
2464,1487038188,421.00
2465,475256387,416.00
2466,752882168,3240.00
2467,597961678,8080.00
2468,787472516,15487.00
2469,960776984,6358.00
2470,2183042035,294.00
2471,713699594,1912.00
2472,1308191472,3331.00
2473,584231390,6687.00
2474,1059032286,6622.00
2475,542639350,1435.00
2476,228968092,1156.00
2477,85171463,5350.00
2478,625644928,1941.00
2479,290230691,1031.00
2480,225080589,10576.00
2481,1320754248,2958.00
2482,237582993,2484.00
2483,482543008,358.00
2484,518105875,1858.00
2485,411932816,737.00
2486,191258044,477.00
2487,1866777896,1391.00
2488,437996404,247.00
2489,102249144,1495.00
2490,1867915483,5099.00
2491,1676683573,857.00
2492,760713950,8814.00
2493,1063154514,1020.00
2494,912803414,3805.00
2495,1653512324,2213.00
2496,1969651662,99.00
2497,354466796,6155.00
2498,284308589,324.00
2499,136403353,315.00
2500,2203278555,33.00
2501,266811932,4996.00
2502,1240089932,4461.00
2503,408612607,3811.00
2504,922585202,2558.00
2505,411006479,29723.00
2506,509145971,1759.00
2507,1469203406,1102.00
2508,414421456,3113.00
2509,184891657,12073.00
2510,401836282,1473.00
2511,828281064,791.00
2512,1498474376,3393.00
2513,238775866,20700.00
2514,551210161,851.00
2515,1694821188,689.00
2516,1360338709,1086.00
2517,62591466,395.00
2518,570107566,2022.00
2519,1580991492,11.00
2520,1938787430,52.00
2521,876864380,604.00
2522,156045022,447.00
2523,1273801968,28.00
2524,1447960472,1302.00
2525,84546155,16784.00
2526,1130836290,2358.00
2527,580181487,555.00
2528,142186915,9426.00
2529,790506866,1756.00
2530,823697082,597.00
2531,620483600,258.00
2532,1655624484,407.00
2533,403021651,3141.00
2534,600040563,5326.00
2535,2166563570,296.00
2536,840275894,1328.00
2537,104201077,448.00
2538,211721490,1171.00
2539,231193665,1512.00
2540,371433777,32.00
2541,1206721304,815.00
2542,289634770,6031.00
2543,406328788,17930.00
2544,1627260619,974.00
2545,1334697096,6793.00
2546,218214650,1007.00
2547,547561480,2364.00
2548,705596018,2344.00
2549,1012344722,1147.00
2550,2168856643,547.00
2551,2168451209,53.00
2552,458765296,646.00
2553,275733498,12932.00
2554,178741677,4176.00
2555,224454447,2363.00
2556,2179554002,778.00
2557,245417506,707.00
2558,1263076632,928.00
2559,705016265,489.00
2560,599779068,1597.00
2561,1063484232,204.00
2562,401907631,512.00
2563,571842460,381.00
2564,542005520,324.00
2565,81230056,1149.00
2566,1177375254,2763.00
2567,373464446,645.00
2568,1377247057,8369.00
2569,1078363608,2304.00
2570,435264347,773.00
2571,364326180,4473.00
2572,1195793736,7693.00
2573,621204218,5743.00
2574,325728721,704.00
2575,329691130,1376.00
2576,744110178,209.00
2577,385118106,3692.00
2578,137388696,1700.00
2579,502768569,2376.00
2580,562955360,1473.00
2581,1033542625,782.00
2582,1717652042,3287.00
2583,449216140,2475.00
2584,137568725,517.00
2585,1417617751,233.00
2586,971309126,1419.00
2587,262492235,6434.00
2588,2159741997,1958.00
2589,1038301092,4178.00
2590,1093260966,2719.00
2591,1036100310,1709.00
2592,1959422935,138.00
2593,108829928,376.00
2594,277202355,132.00
2595,1677686401,993.00
2596,277233133,3743.00
2597,203388848,87.00
2598,887290212,7939.00
2599,505678593,5101.00
2600,618532385,2046.00
2601,331877506,1600.00
2602,243281151,546.00
2603,558826929,11854.00
2604,591743824,4054.00
2605,1655902892,1483.00
2606,601566021,4512.00
2607,1280093738,1156.00
2608,483893317,923.00
2609,1510503836,2118.00
2610,709429520,2865.00
2611,827954191,935.00
2612,375443964,2882.00
2613,865625658,3718.00
2614,290491667,148.00
2615,755111412,522.00
2616,535304561,3621.00
2617,892177010,263.00
2618,1319241962,836.00
2619,119925029,1192.00
2620,1641753427,262.00
2621,346743337,403.00
2622,94604009,2187.00
2623,248397550,4695.00
2624,117929634,7671.00
2625,325699583,811.00
2626,485080129,5992.00
2627,549389653,163.00
2628,187059491,1158.00
2629,1281976519,649.00
2630,596725735,1123.00
2631,413989040,2715.00
2632,523960469,194.00
2633,1645738297,3798.00
2634,1031513168,3112.00
2635,841415059,2821.00
2636,389773775,1596.00
2637,341118780,2687.00
2638,1647452300,686.00
2639,457499268,1698.00
2640,397514527,11000.00
2641,522363445,4760.00
2642,252285406,3364.00
2643,96196235,644.00
2644,517376253,3427.00
2645,570251439,1398.00
2646,1123422103,2116.00
2647,1043476039,655.00
2648,406211971,603.00
2649,1729085402,551.00
2650,222637605,237.00
2651,189395938,2150.00
2652,547142560,4949.00
2653,1629595796,506.00
2654,192318108,2291.00
2655,593360154,2545.00
2656,912982213,1005.00
2657,1653500317,1092.00
2658,721026246,4787.00
2659,296015123,2642.00
2660,1141656055,1202.00
2661,1700135360,1062.00
2662,1547600676,653.00
2663,1589554470,4687.00
2664,217578833,14439.00
2665,1013921558,1213.00
2666,2199565619,128.00
2667,433687416,14952.00
2668,475278901,967.00
2669,1347351516,979.00
2670,136792605,4607.00
2671,197122454,857.00
2672,1888187893,979.00
2673,719981334,7142.00
2674,1697138276,1886.00
2675,209836709,1383.00
2676,130910839,956.00
2677,386763575,2467.00
2678,2228694518,4.00
2679,535990818,5321.00
2680,2207935519,386.00
2681,1329786932,1983.00
2682,161404743,3365.00
2683,958497859,1506.00
2684,1512190472,2237.00
2685,1169206801,850.00
2686,252109407,5896.00
2687,797115074,25631.00
2688,1691931968,267.00
2689,503115779,3298.00
2690,187102119,1522.00
2691,210411140,2655.00
2692,1345120957,25628.00
2693,350961012,7948.00
2694,1228936398,1973.00
2695,163665446,68.00
2696,864377238,1944.00
2697,539301092,78.00
2698,1868414455,409.00
2699,1571587790,1895.00
2700,1147606200,316.00
2701,223538914,1093.00
2702,198691157,661.00
2703,1652770250,389.00
2704,615761236,1756.00
2705,738260557,3879.00
2706,930226014,6004.00
2707,401193096,68.00
2708,1849590312,540.00
2709,77799414,2403.00
2710,98016135,218.00
2711,753915445,2324.00
2712,304852424,4630.00
2713,610589169,1346.00
2714,915691472,286.00
2715,365754647,4011.00
